CHROM	POS	REF	ALT	GENE	GENE_ID	REF_EXPR	ALT_EXPR
chr2	47006054	TCG	T	TTC7A	ENSG00000068724	134680.203125	134495.765625
chr3	58589218	G	A	FAM107A	ENSG00000168309	106168.765625	106162.679688
chr7	1746696	C	G	ELFN1-AS1	ENSG00000236081	70284.382812	70282.351562
chr9	131071589	AG	A	LAMC3	ENSG00000050555	141536.968750	141971.546875
chr12	29783539	C	T	TMTC1	ENSG00000133687	34362.179688	34393.191406
chr16	3057614	G	A	MMP25	ENSG00000008516	218182.875000	218129.609375
chr17	39719785	A	T	ERBB2	ENSG00000141736	272123.718750	271699.406250
chr19	2213544	GA	G	DOT1L	ENSG00000104885	257204.343750	257514.640625
